{"cameraMode":{"drawMode":0,"name":"Shaded","section":"Shading Mode"},"sceneLighting":true,"audioPlay":false,"sceneViewState":{"m_AlwaysRefresh":false,"showFog":true,"showSkybox":true,"showFlares":true,"showImageEffects":true,"showParticleSystems":true,"showVisualEffectGraphs":true,"m_FxEnabled":true},"in2DMode":false,"pivot":{"x":-140.5613555908203,"y":1.1085726022720338,"z":82.43677520751953},"rotation":{"x":-0.26988112926483157,"y":-0.01675664633512497,"z":0.004696843214333057,"w":-0.9627432227134705},"size":138.55593872070313,"orthographic":false}